section,pdf_page,command,wire_prefix_hex,c_api,node_api,web_public_api,availability,c_source,node_source,web_source,notes
2.1,6,HT,09,munbyn_horizontal_tab,horizontalTab,horizontalTab,C/N/W,src/munbyn_printer.c:781,packages/node/lib/index.js:137,packages/web/src/printer.ts:168,Next configured tab stop
2.2,6,LF,0A,munbyn_line_feed,lineFeed,lineFeed,C/N/W,src/munbyn_printer.c:757,packages/node/lib/index.js:127,packages/web/src/printer.ts:158,Used in verified receipt
2.3,6,FF,0C,munbyn_form_feed,formFeed,formFeed,C/N/W,src/munbyn_printer.c:1806,packages/node/lib/index.js:407,packages/web/src/printer.ts:458,"Page print, clear, return to standard"
2.4,7,CR,0D,munbyn_carriage_return,carriageReturn,carriageReturn,C/N/W,src/munbyn_printer.c:769,packages/node/lib/index.js:132,packages/web/src/printer.ts:163,Effect depends on mode/settings
2.5,7,CAN,18,munbyn_cancel_page_data,cancelPageData,cancelPageData,C/N/W,src/munbyn_printer.c:1813,packages/node/lib/index.js:412,packages/web/src/printer.ts:463,Cancel page-mode buffer
2.6,7,DLE EOT n,10 04,munbyn_get_status,getStatus,getStatus,C/N/W,src/munbyn_printer.c:548,packages/node/lib/index.js:84,packages/web/src/printer.ts:79,Four groups queried; seven fields exposed; healthy replies verified
2.7,10,DLE ENQ n,10 05,munbyn_realtime_request,realtimeRequest,realtimeRequest,C/N/W,src/munbyn_printer.c:1915,packages/node/lib/index.js:461,packages/web/src/printer.ts:517,Recovery selectors 1/2
2.8,10,DLE DC4 1 m t,10 14 01,munbyn_realtime_drawer_pulse,realtimeDrawerPulse,realtimeDrawerPulse,C/N/W,src/munbyn_printer.c:1923,packages/node/lib/index.js:466,packages/web/src/printer.ts:522,Pin 0/1; t=1..8 in 100 ms units
2.9,11,ESC FF,1B 0C,munbyn_print_page_mode,printPageMode,printPageMode,C/N/W,src/munbyn_printer.c:1799,packages/node/lib/index.js:402,packages/web/src/printer.ts:453,"Print page buffer, stay in page mode"
2.10,11,ESC SP n,1B 20,munbyn_set_character_spacing,setCharacterSpacing,setCharacterSpacing,C/N/W,src/munbyn_printer.c:1172,packages/node/lib/index.js:244,packages/web/src/printer.ts:273,Right-side character spacing
2.11,12,ESC ! n,1B 21,munbyn_set_text_mode,setTextMode,setTextMode,C/N/W,src/munbyn_printer.c:1013,packages/node/lib/index.js:194,packages/web/src/printer.ts:222,Combined text-mode bitmask
2.12,13,ESC $ nL nH,1B 24,munbyn_set_absolute_horizontal_position,setAbsoluteHorizontalPosition,setAbsoluteHorizontalPosition,C/N/W,src/munbyn_printer.c:1396,packages/node/lib/index.js:305,packages/web/src/printer.ts:346,Absolute horizontal position
2.13,13,ESC % n,1B 25,munbyn_select_user_defined_charset,selectUserDefinedCharset,selectUserDefinedCharset,C/N/W,src/munbyn_printer.c:1866,packages/node/lib/index.js:444,packages/web/src/printer.ts:495,Select/cancel downloaded ASCII glyphs
2.14,14,ESC & ...,1B 26,munbyn_define_user_defined_chars,defineUserDefinedChars,defineUserDefinedChars,C/N/W,src/munbyn_printer.c:1873,packages/node/lib/index.js:449,packages/web/src/printer.ts:500,Codes 32..126; font A width <=12 / B <=9; browser printer tracks selected font
2.15,16,ESC * ...,1B 2A,munbyn_print_bit_image,printBitImage,printBitImage,C/N/W,src/munbyn_printer.c:1680,packages/node/lib/index.js:365,packages/web/src/printer.ts:416,Column data; modes 0/1/32/33
2.16,17,ESC - n,1B 2D,munbyn_set_underline,setUnderline,setUnderline,C/N/W,src/munbyn_printer.c:1074,packages/node/lib/index.js:214,packages/web/src/printer.ts:243,ASCII underline
2.17,18,ESC 2,1B 32,munbyn_set_line_spacing_default,setLineSpacingDefault,setLineSpacingDefault,C/N/W,src/munbyn_printer.c:1124,packages/node/lib/index.js:229,packages/web/src/printer.ts:258,Restore default line spacing
2.18,18,ESC 3 n,1B 33,munbyn_set_line_spacing,setLineSpacing,setLineSpacing,C/N/W,src/munbyn_printer.c:1136,packages/node/lib/index.js:234,packages/web/src/printer.ts:263,Custom line spacing
2.19,19,ESC = n,1B 3D,munbyn_set_peripheral_device,setPeripheralDevice,setPeripheralDevice,C/N/W,src/munbyn_printer.c:1859,packages/node/lib/index.js:439,packages/web/src/printer.ts:490,Peripheral selection bitmask
2.20,19,ESC ? n,1B 3F,munbyn_cancel_user_defined_char,cancelUserDefinedChar,cancelUserDefinedChar,C/N/W,src/munbyn_printer.c:1905,packages/node/lib/index.js:454,packages/web/src/printer.ts:510,Cancel one ASCII user glyph
2.21,19,ESC @,1B 40,munbyn_initialize,initialize,initialize,C/N/W,src/munbyn_printer.c:601,packages/node/lib/index.js:59,packages/web/src/printer.ts:54,Used in verified receipt
2.22,20,ESC D ... NUL,1B 44,munbyn_set_horizontal_tab_positions; munbyn_clear_horizontal_tab_positions,setHorizontalTabPositions; clearHorizontalTabPositions,setHorizontalTabPositions; clearHorizontalTabPositions,C/N/W,src/munbyn_printer.c:793; src/munbyn_printer.c:827,packages/node/lib/index.js:142; packages/node/lib/index.js:147,packages/web/src/printer.ts:173; packages/web/src/printer.ts:178,0..32 strictly ascending nonzero stops; empty list clears; all bindings validate
2.23,20,ESC E n,1B 45,munbyn_set_emphasis,setEmphasis,setEmphasis,C/N/W,src/munbyn_printer.c:1037,packages/node/lib/index.js:199,packages/web/src/printer.ts:228,Emphasis visibly verified
2.24,21,ESC G n,1B 47,munbyn_set_double_strike,setDoubleStrike,setDoubleStrike,C/N/W,src/munbyn_printer.c:1060,packages/node/lib/index.js:209,packages/web/src/printer.ts:238,Double-strike mode
2.25,21,ESC J n,1B 4A,munbyn_print_and_feed_units,printAndFeedUnits,printAndFeedUnits,C/N/W,src/munbyn_printer.c:1852,packages/node/lib/index.js:434,packages/web/src/printer.ts:485,Feed vertical motion units
2.26,22,ESC L,1B 4C,munbyn_select_page_mode,selectPageMode,selectPageMode,C/N/W,src/munbyn_printer.c:1785,packages/node/lib/index.js:392,packages/web/src/printer.ts:443,Enter page mode
2.27,22,ESC M n,1B 4D,munbyn_set_font,setFont,setFont,C/N/W,src/munbyn_printer.c:988,packages/node/lib/index.js:189,packages/web/src/printer.ts:216,Font A/B
2.28,22,ESC R n,1B 52,munbyn_set_international_charset,setInternationalCharset,setInternationalCharset,C/N/W,src/munbyn_printer.c:840,packages/node/lib/index.js:154,packages/web/src/printer.ts:185,0..15; PDF restricts 14/15 to Simplified Chinese models
2.29,23,ESC S,1B 53,munbyn_select_standard_mode,selectStandardMode,selectStandardMode,C/N/W,src/munbyn_printer.c:1792,packages/node/lib/index.js:397,packages/web/src/printer.ts:448,Return to standard mode
2.30,24,ESC T n,1B 54,munbyn_set_print_direction,setPrintDirection,setPrintDirection,C/N/W,src/munbyn_printer.c:1346,packages/node/lib/index.js:295,packages/web/src/printer.ts:336,Page-mode print direction
2.31,24,ESC V n,1B 56,munbyn_set_rotate_90,setRotate90,setRotate90,C/N/W,src/munbyn_printer.c:1218,packages/node/lib/index.js:261,packages/web/src/printer.ts:290,90-degree text rotation
2.32,25,ESC W ...,1B 57,munbyn_set_page_area,setPageArea,setPageArea,C/N/W,src/munbyn_printer.c:1820,packages/node/lib/index.js:417,packages/web/src/printer.ts:468,Page origin and dimensions
2.33,26,ESC \ nL nH,1B 5C,munbyn_set_relative_horizontal_position,setRelativeHorizontalPosition,setRelativeHorizontalPosition,C/N/W,src/munbyn_printer.c:1368,packages/node/lib/index.js:300,packages/web/src/printer.ts:341,Signed relative horizontal position
2.34,27,ESC a n,1B 61,munbyn_set_justification,setJustification,setJustification,C/N/W,src/munbyn_printer.c:962,packages/node/lib/index.js:170,packages/web/src/printer.ts:197,Centering visibly verified
2.35,27,ESC c 3 n,1B 63 33,munbyn_set_paper_end_sensors,setPaperEndSensors,setPaperEndSensors,C/N/W,src/munbyn_printer.c:1965,packages/node/lib/index.js:480,packages/web/src/printer.ts:545,PDF says parallel interface only
2.36,28,ESC c 4 n,1B 63 34,munbyn_set_stop_print_sensors,setStopPrintSensors,setStopPrintSensors,C/N/W,src/munbyn_printer.c:1972,packages/node/lib/index.js:485,packages/web/src/printer.ts:550,Select stop-print sensors
2.37,29,ESC c 5 n,1B 63 35,munbyn_set_panel_buttons,setPanelButtons,setPanelButtons,C/N/W,src/munbyn_printer.c:1990,packages/node/lib/index.js:497,packages/web/src/printer.ts:562,Panel enable/disable; PDF heading uses uppercase C erroneously
2.38,29,ESC d n,1B 64,munbyn_feed_lines,feedLines,feedLines,C/N/W,src/munbyn_printer.c:670,packages/node/lib/index.js:100,packages/web/src/printer.ts:128,Seven-line receipt feed verified; depends on line spacing
2.39,30,ESC p m t1 t2,1B 70,munbyn_open_drawer; munbyn_open_drawer_default,openDrawer; openDrawerDefault,openDrawer; openDrawerDefault,C/N/W,src/munbyn_printer.c:682; src/munbyn_printer.c:706,packages/node/lib/index.js:110; packages/node/lib/index.js:115,packages/web/src/printer.ts:141; packages/web/src/printer.ts:146,Drawer pulse; t1/t2 in 2 ms units
2.40,30,ESC t n,1B 74,munbyn_set_codepage,setCodepage,setCodepage,C/N/W,src/munbyn_printer.c:862,packages/node/lib/index.js:159,packages/web/src/printer.ts:190,Explicit selector 0..255; strict text conversion available; manual and legacy mappings separated; unit sheet pending
2.41,31,ESC { n,1B 7B,munbyn_set_upside_down,setUpsideDown,setUpsideDown,C/N/W,src/munbyn_printer.c:1233,packages/node/lib/index.js:266,packages/web/src/printer.ts:295,Upside-down text
2.42,31,FS p n m,1C 70,munbyn_print_nv_bit_image,printNvBitImage,printNvBitImage,C/N/W,src/munbyn_printer.c:1741,packages/node/lib/index.js:380,packages/web/src/printer.ts:431,Print stored NV image
2.43,32,FS q ...,1C 71,munbyn_define_nv_bit_image,defineNvBitImage,defineNvBitImage,C/N/W,src/munbyn_printer.c:1754,packages/node/lib/index.js:385,packages/web/src/printer.ts:436,Replaces NV images and resets; wrapper rejects n=0
2.44,34,GS ! n,1D 21,munbyn_set_text_scale,setTextScale,setTextScale,C/N/W,src/munbyn_printer.c:1265,packages/node/lib/index.js:283,packages/web/src/printer.ts:312,Width/height factors 1..8
2.45,35,GS $ nL nH,1D 24,munbyn_set_absolute_vertical_position,setAbsoluteVerticalPosition,setAbsoluteVerticalPosition,C/N/W,src/munbyn_printer.c:1833,packages/node/lib/index.js:422,packages/web/src/printer.ts:473,Page-mode absolute vertical position
2.46,35,GS * x y ...,1D 2A,munbyn_define_downloaded_bit_image,defineDownloadedBitImage,defineDownloadedBitImage,C/N/W,src/munbyn_printer.c:1705,packages/node/lib/index.js:370,packages/web/src/printer.ts:421,x*y<=912; exact x*y*8 bitmap bytes
2.47,36,GS / m,1D 2F,munbyn_print_downloaded_bit_image,printDownloadedBitImage,printDownloadedBitImage,C/N/W,src/munbyn_printer.c:1728,packages/node/lib/index.js:375,packages/web/src/printer.ts:426,Print volatile downloaded image
2.48,37,GS ( A ...,1D 28 41,munbyn_execute_test_print,executeTestPrint,executeTestPrint,C/N/W,src/munbyn_printer.c:1979,packages/node/lib/index.js:490,packages/web/src/printer.ts:555,"Hex-dump mode, not a self-test receipt"
2.49,37,GS :,1D 3A,munbyn_macro_define_toggle,macroDefineToggle,macroDefineToggle,C/N/W,src/munbyn_printer.c:2020,packages/node/lib/index.js:512,packages/web/src/printer.ts:577,Start/end macro definition
2.50,37,GS B n,1D 42,munbyn_set_inverted_text,setInvertedText,setInvertedText,C/N/W,src/munbyn_printer.c:1250,packages/node/lib/index.js:273,packages/web/src/printer.ts:302,White/black reverse text
2.51,38,GS H n,1D 48,munbyn_set_hri_position,setHriPosition,setHriPosition,C/N/W,src/munbyn_printer.c:1473,packages/node/lib/index.js:322,packages/web/src/printer.ts:363,HRI below CODE128 visibly verified
2.52,38,GS L nL nH,1D 4C,munbyn_set_left_margin,setLeftMargin,setLeftMargin,C/N/W,src/munbyn_printer.c:1185,packages/node/lib/index.js:249,packages/web/src/printer.ts:278,Left layout margin
2.53,39,GS P x y,1D 50,munbyn_set_motion_units,setMotionUnits,setMotionUnits,C/N/W,src/munbyn_printer.c:1150,packages/node/lib/index.js:239,packages/web/src/printer.ts:268,Motion-unit scale
2.54,40,GS V m [n],1D 56,munbyn_cut_paper; munbyn_feed_and_cut,cutPaper; feedAndCut,cutPaper; feedAndCut,C/N/W,src/munbyn_printer.c:631; src/munbyn_printer.c:653,packages/node/lib/index.js:90; packages/node/lib/index.js:95,packages/web/src/printer.ts:118; packages/web/src/printer.ts:123,Partial cut verified; PDF specifies no full cut
2.55,40,GS W nL nH,1D 57,munbyn_set_print_area_width,setPrintAreaWidth,setPrintAreaWidth,C/N/W,src/munbyn_printer.c:1201,packages/node/lib/index.js:254,packages/web/src/printer.ts:283,"Layout width, not hardware width configuration"
2.56,41,GS \ nL nH,1D 5C,munbyn_set_relative_vertical_position,setRelativeVerticalPosition,setRelativeVerticalPosition,C/N/W,src/munbyn_printer.c:1841,packages/node/lib/index.js:427,packages/web/src/printer.ts:478,Page-mode signed relative vertical position
2.57,42,GS ^ r t m,1D 5E,munbyn_execute_macro,executeMacro,executeMacro,C/N/W,src/munbyn_printer.c:2027,packages/node/lib/index.js:517,packages/web/src/printer.ts:582,Mode 0/1; delay in 100 ms units
2.58,42,GS a n,1D 61,munbyn_set_asb,setAsb,setAsb,C/N/W,src/munbyn_printer.c:1958,packages/node/lib/index.js:475,packages/web/src/printer.ts:540,ASB enabled/disabled; no stream decoder
2.59,44,GS f n,1D 66,munbyn_set_hri_font,setHriFont,setHriFont,C/N/W,src/munbyn_printer.c:1499,packages/node/lib/index.js:327,packages/web/src/printer.ts:368,HRI font A/B
2.60,44,GS h n,1D 68,munbyn_set_barcode_height,setBarcodeHeight,setBarcodeHeight,C/N/W,src/munbyn_printer.c:1419,packages/node/lib/index.js:312,packages/web/src/printer.ts:353,1..255 dots; 48-dot setting used in verified receipt
2.61,44,GS k ...,1D 6B,munbyn_print_barcode; munbyn_print_barcode_bytes,printBarcode,printBarcode,C/N/W,src/munbyn_barcode.inc:112; src/munbyn_barcode.inc:98,packages/node/lib/index.js:332,packages/web/src/printer.ts:373,Nine PDF symbologies and aliases 65..71; length/alphabet/CODE128 validation; binary API; GS1 extensions check wire syntax; CODE128 physically verified
2.62,47,GS r n,1D 72,munbyn_transmit_status,transmitStatus,transmitStatus,C/N/W,src/munbyn_printer.c:1932,packages/node/lib/index.js:471,packages/web/src/printer.ts:528,Raw byte; selectors 1/2/49/50; PDF says serial only
2.63,48,GS v 0 ...,1D 76 30,munbyn_print_raster_image,printRasterImage,printRasterImage,C/N/W,src/munbyn_printer.c:1626,packages/node/lib/index.js:360,packages/web/src/printer.ts:406,128x64 checkerboard and raster PDF417 physically verified; C API requires caller to provide sufficient buffer
2.64,49,GS w n,1D 77,munbyn_set_barcode_width,setBarcodeWidth,setBarcodeWidth,C/N/W,src/munbyn_printer.c:1443,packages/node/lib/index.js:317,packages/web/src/printer.ts:358,2..6; width 2 used in verified receipt
2.65,49,FS ! n,1C 21,munbyn_set_kanji_mode,setKanjiMode,setKanjiMode,C/N/W,src/munbyn_printer.c:2037,packages/node/lib/index.js:524,packages/web/src/printer.ts:589,Kanji mode bitmask
2.66,50,FS &,1C 26,munbyn_select_kanji,selectKanji,selectKanji,C/N/W,src/munbyn_printer.c:2044,packages/node/lib/index.js:529,packages/web/src/printer.ts:594,Enter Kanji mode
2.67,50,FS - n,1C 2D,munbyn_set_underline_kanji,setUnderlineKanji,setUnderlineKanji,C/N/W,src/munbyn_printer.c:1104,packages/node/lib/index.js:224,packages/web/src/printer.ts:248,Kanji underline exposed in all public APIs; not physically verified
2.68,51,FS .,1C 2E,munbyn_cancel_kanji,cancelKanji,cancelKanji,C/N/W,src/munbyn_printer.c:2051,packages/node/lib/index.js:534,packages/web/src/printer.ts:599,Exit Kanji mode
2.69,51,FS 2 ...,1C 32,munbyn_define_kanji_char,defineKanjiChar,defineKanjiChar,C/N/W,src/munbyn_printer.c:2176,packages/node/lib/index.js:549,packages/web/src/printer.ts:614,c1=0xFE; c2=0xA1..0xFE; exactly 72 bytes validated before write; not physically verified
2.70,52,FS S n1 n2,1C 53,munbyn_set_kanji_spacing,setKanjiSpacing,setKanjiSpacing,C/N/W,src/munbyn_printer.c:2058,packages/node/lib/index.js:539,packages/web/src/printer.ts:604,Left/right Kanji spacing
2.71,52,FS W n,1C 57,munbyn_set_kanji_quad_size,setKanjiQuadSize,setKanjiQuadSize,C/N/W,src/munbyn_printer.c:2065,packages/node/lib/index.js:544,packages/web/src/printer.ts:609,Quadruple-size Kanji
2.72,53,ESC B n t,1B 42,munbyn_buzzer,buzzer,buzzer,C/N/W,src/munbyn_printer.c:1998,packages/node/lib/index.js:502,packages/web/src/printer.ts:567,Count/duration 1..9; duration in 50 ms units
2.73,53,ESC C m t n,1B 43,munbyn_buzzer_alarm,buzzerAlarm,buzzerAlarm,C/N/W,src/munbyn_printer.c:2009,packages/node/lib/index.js:507,packages/web/src/printer.ts:572,Count/interval 1..20; mode 0..3; interval in 50 ms units
